itemId,Title,Description,Release Date
68719490621,Retro Horn Rimmed Keyhole Nose Bridge Round Sunglasses,High-quality and pioneered  with the perfect blend of timeless classic and modern technology with hint of old school glamor. Scratch resistant glass tinted lens provides clarity with a vivid color spectrum.,2021-03-26T11:12:13.000Z
68719490622,Genuine Leather Suede Handbag Purse,This sleek Italian leather bag features an optional strap and easy zipper closure in a size that fits just the essentials. Wear it cross body or tucked super tight under your arm.,2021-06-25T11:12:13.000Z
68719490628,Khaki Men's Oversized Trench Coat,"Lightweight design crafted with premium quality fabrics, making it a perfect multi-seasonal cover up. All the traditional detailing of a classic trench coat.  The trench coat also features two front fastened pockets and two practical internal pockets, perfect for keeping your wallet safe. Wear this coat with a crisp button down shirt and chinos for a smart, office-to-dinner look. ",2021-04-23T11:12:13.000Z
68719490634,Suede Leather Slip-on Loafer,"Pure comfort for your feet with these handsome and versatile slip-on loafer. Smooth leather upper and lowers with elegant stitching. Smooth and breathable leather linings.  Removable, leather-lined foot bed offers enhanced arch support. Durable rubber outsole.",2021-02-11T11:12:13.000Z
68719491371,Small Calfskin Leather Satchel,"A snapping handle and secure clip, paired with authentic calfskin leather to create a roomy interior. ",2021-06-21T11:12:13.000Z
68719491372,Small Leather Top Handle Satchel,A sophisticated design with a peach leather are paired to create an elegant look. ,2021-02-21T11:12:13.000Z
68719491373,Sunshine Yellow Leather Satchel,A simple design and a sunshine yellow leather are paired to create a spunky and light look. ,2021-07-15T11:12:13.000Z
68719491374,Medium Red Leather Shoulder Bag,"A spacious, functional bag meets a trendy red leather, creating the ultimately convenient shoulder bag. ",2021-03-26T11:12:13.000Z
68719491375,Croc-Embossed Leather Top Handle Bag,Pairing the style of the croc with the classic handle bag creates a trendy look. ,2021-04-16T11:12:13.000Z
68719491376,Leather Top Handle Bag,"A textured yet smooth leather meets a sophistated design, creating an elegant look. ",2021-01-20T11:12:13.000Z
68719491380,Small Leather Satchel,"A high-quality design is paired with a red leather, creating an effortless look. ",2021-05-19T11:12:13.000Z
68719491381,Soft Pink Medium Leather Shoulder Bag,The simple design and the soft pink leather are combined to create an effortlessly elegant look. ,2021-07-18T11:12:13.000Z
68719491382,Small Belt Leather Satchel,An optional adjustible belt is paired with a classic satchel design. ,2021-03-17T11:12:13.000Z
68719491383,Brown Leather Handle Satchel,"Brown handles are contrasted with the cream leather, creating a modern look. ",2021-09-15T11:12:13.000Z
68719491384,Blue Suede Shoulder Bag,Quality suede is combined with a straightforward design to create a effortlessly sophisticated. ,2021-05-19T11:12:13.000Z
68719491385,Small Baby Blue Shoulder Bag,"A minimalistic design is paired with a soft baby blue, creating a sophistic look.",2021-01-24T11:12:13.000Z
68719491386,Pink Leather Shoulder Bag,"Combining soft pink leather with a simple shoulder bag, this bag is quirky and elegant. ",2021-06-10T11:12:13.000Z
68719491387,Rivet Infused Leather Satchel,A simple satchel design paired with rivet infused leather creates a fun look. ,2021-02-16T11:12:13.000Z
68719491388,White Leather Satchel,A simple satchel design paired with white leather creates an elegant look. ,2021-06-13T11:12:13.000Z
68719491389,Small Edge Trimmed Satchel,"A minimalistic design is combined with a sophisticated trimmed edge, creating a modern look. ",2021-01-16T11:12:13.000Z
68719491390,Brown Leather Crossbody Bag,A versatile design paired with authentic leather and adjustible crossbody straps.,2021-05-13T11:12:13.000Z
68719491391,Mini Leather Crossbody Bag,"A small yet spacious bag, with a crossbody chain. ",2021-06-10T11:12:13.000Z
68719491394,Suede Roomy Shoulder Bag,"A versatile designed interior provides a roomy bag, as well as a classic suede exterior. ",2021-01-23T11:12:13.000Z
68719491395,Mini Stainless Handle Satchel,"A vintage take on a modern bag, complete with stainless handles. ",2021-09-17T11:12:13.000Z
68719491396,Weaved Leather Clutch,"Perfect for a night out, this spacious clutch offers for style and a logical space. ",2021-03-17T11:12:13.000Z
68719491399,Continental Zippered Wallet,Simplicty meets elegancy with this effortless zippered wallet. ,2021-05-16T11:12:13.000Z
68719491400,Medium Leather Shoulder Bag,A functional design complete with an optional adjustible strap and authentic leather. ,2021-01-14T11:12:13.000Z
68719491401,Men's Fabric Wallet,"A simple and functional design, crafted with fabric.",2021-08-16T11:12:13.000Z
68719491406,Round Oversized Sunglasses,"Oversized frames offer complete sun protection, while the style of the round frame completes the look. ",2021-07-24T11:12:13.000Z
68719491407,Round Wrap Style Sunglasses,"The curved temple and wrap style provide clarity and sun protection. Crafted with marbled edges and oversized lenses, this creates a mysterious look.",2021-03-25T11:12:13.000Z
68719491408,Oversize Wayfarer Sunglasses,"The oversised lenses and wayfarer style creates a hipster look, while the red trimming creates a retro feel. ",2021-01-19T11:12:13.000Z
68719491409,Oversize Cat-eye Sunglasses,"Cat lenses create a chill and nonchalant look, while the oversize lenses offer complete sun protection.",2021-09-16T11:12:13.000Z
68719491410,Vintage Horn Rimmed Sunglasses,"Bring back the cool with these vintage glasses,  creating a look that will never go out of style. ",2021-03-15T11:12:13.000Z
68719491411,Amber Sports Sunglasses,"Great for the outdoors, these glasses are crafted with scratch resistant lenses and complete sun protection, while offering extreme clarity. ",2021-05-17T11:12:13.000Z
68719491412,Lavender Gradient Aviator Sunglasses,"Perfect for the summer, these offer tinted and scratch resistant lenses. These bring the classic aviator and the modern lense together. ",2021-08-24T11:12:13.000Z
68719491413,Traditional Aviator Sunglasses,"Bringing the retro to the hipster, these glasses provide a timelessly cool look. ",2021-02-10T11:12:13.000Z
68719491414,Gold Round Sunglasses,"These hipster glasses will enhance your look, while protecting you from the sun. ",2021-03-14T11:12:13.000Z
68719492121,Purple and Blue Plaid Scarf,"A lightweight scarf meets a classic pattern of plaid, ultimatly offering a flowy fahion. ",2021-06-17T11:12:13.000Z
68719492122,Black Striped Scarf,"This soft wool scarf offers warmth in the cold, perfect for your winter wardrobe. ",2021-08-26T11:12:13.000Z
68719492123,Scottish Plaid Scarf,High-quality wool paired with a traditional plaid and long fringe. ,2021-01-25T11:12:13.000Z
68719492124,Red Printed Scarf,A floral satin scarf offers a lightweight and stylsih look. ,2021-01-18T11:12:13.000Z
68719492125,Grandient Scarf,Lightweight material paired with a  fade style provides an elegant look. ,2021-03-13T11:12:13.000Z
68719492129,Calfskin Leather Gloves,A classic style paired with authentic leather creates a sophisticated and modern look. ,2021-04-13T11:12:13.000Z
68719492135,Soft Orange Leather Gloves,Using a classic style of glove and pairing it with a vibrant soft leather creates a spunky and sophisticated look. ,2021-05-17T11:12:13.000Z
68719492141,White Leather Gloves,A classic design paired with a clean white leather provides an elegant look. ,2021-01-13T11:12:13.000Z
68719492147,Three Diamond Drop Pendant Necklace,Three shining stones sparkle in droplets creating a mesmerizing necklace. ,2021-09-14T11:12:13.000Z
68719492148,Three Diamond Silver Encased Drop Pendant,Three sparkling diamonds encased in a drop shaped pendant. ,2021-05-19T11:12:13.000Z
68719492149,"""24K Diamond """"O"""" Pendant""","A sleek ""O"" pendant complete with 24K diamonds. ",2021-05-26T11:12:13.000Z
68719492150,Amethyst Drop Pendant,An amethyst rests in at the end of this quality chain. ,2021-06-13T11:12:13.000Z
68719492151,Pink Diamond Heart Pendant,A pendant in the shape of the heart at the end of a chain.,2021-04-19T11:12:13.000Z
68719492152,Stranded Glass Bead Choker with Pink Stone Pendant,"A choker made from stranded glass beads, spotlighting a pink stone pendant. ",2021-09-22T11:12:13.000Z
68719492153,Aqua Glass Ball Necklace,A silver chain supporting an aqua glass ball. ,2021-05-18T11:12:13.000Z
68719492154,Ruby Pendant Necklace,A ruby pendant at the end of a silver chain.,2021-07-13T11:12:13.000Z
68719492155,Pink Crystal Round Necklace,A sparkling pink crystal at the end of a silver chain. ,2021-08-16T11:12:13.000Z
68719492156,Embedded Jewel Pendant Necklace,A jewel embedded in a pendant at the end of a quality silver chain. ,2021-03-25T11:12:13.000Z
68719492157,Square Pendant Necklace,A shimmering pendant in the shape of a square resting at the end of a gold chain. ,2021-08-22T11:12:13.000Z
68719492158,Round Red Crystal Pendant Necklace,A shimmering round red crystal resting in a pendant at the end of a gold chain. ,2021-07-10T11:12:13.000Z
68719492159,Gold Teardrop Pendant Necklace,A gold teardrop lays in a pendant that rests at the end of a gold chain.,2021-01-26T11:12:13.000Z
68719492160,Gold Filligree Statement Necklace,"A gold filligree design at the end of  a gold chain, designed to make a statement. ",2021-02-26T11:12:13.000Z
68719492161,Gold Chain,24K gold bound in a chain necklace. ,2021-05-19T11:12:13.000Z
68719492162,Silver Freshwater Pearl Two-Strand Necklace,Silver freshwater pearls strung into a two-strand necklace. ,2021-01-10T11:12:13.000Z
68719492163,Sunshine Pendant Necklace,A sunshine pendant at the end of necklace.,2021-02-14T11:12:13.000Z
68719492164,Woven Pearl Necklace and Bracelet,Pearls woven into a set of a necklace and bracelet. ,2021-07-10T11:12:13.000Z
68719492165,Silver Cuff Bracelet,"Sterling silver bracelet, cuff style.",2021-09-11T11:12:13.000Z
68719492166,Four Stone Diamond White Gold Ring,A white gold band complete with four stone diamonds. ,2021-02-24T11:12:13.000Z
68719492176,Three Stone Diamond White Gold Ring,Three diamonds on a white gold band. ,2021-02-24T11:12:13.000Z
68719492185,Three Stone Diamond Trellis Ring,A trellis band complete with three stone diamonds. ,2021-08-22T11:12:13.000Z
68719492195,"""4"""" Feather Earrings""","Dark grey 4"" feathers at the end of gold clips.",2021-06-18T11:12:13.000Z
68719492196,"""3"""" Feather Earrings""","Black 3"" feathers held by gold clips. ",2021-09-19T11:12:13.000Z
68719492197,Round Pendant Hoop Earrings,Round silver pendants held by silver hoops.,2021-02-26T11:12:13.000Z
68719492198,Green Pearl Drop Earrings,Green pearl drops held by silver earrings. ,2021-07-17T11:12:13.000Z
68719492199,Golden Flower Earrings,"Golden 1/4"" flowers held by golden clasps. ",2021-09-10T11:12:13.000Z
68719492200,Gold Wrapped Pearl Earrings,Pearls wrapped in gold held by golden clasps. ,2021-01-16T11:12:13.000Z
68719492201,Embedded Pearl Earrings,Pearls embedded in sterling silver earrings. ,2021-02-19T11:12:13.000Z
68719492202,Geometic Silver Stud Cuff Links,Geometric-style silver cuff links.,2021-02-16T11:12:13.000Z
68719492203,Silver Square Cuff Links,Square cuff links made of silver. ,2021-07-19T11:12:13.000Z
68719492204,Diamond Etched Cuff Links,Cuff links complete with a diamond etched front. ,2021-04-10T11:12:13.000Z
68719492205,Blue Stone Cuff Links,Cuff links complete with blue stones.,2021-08-16T11:12:13.000Z
68719492209,Grey Athletic Sweatshirt,Cotton-fleece sweatshirt made for comfort with roomy shoulders. ,2021-08-17T11:12:13.000Z
68719492215,Leightweight Zip Up Shirt,A blue zip up shirt made of a lightweight blend.,2021-08-25T11:12:13.000Z
68719492222,High Neck Striped Sweater,Long-sleeve sweater complete with a high neck and a grey and black stripe. ,2021-05-18T11:12:13.000Z
68719492228,Merion Wool Turtleneck,A long-sleeve turtleneck crafted of merion wool.,2021-02-13T11:12:13.000Z
68719492234,Merino Wool Regular Fit Sweater,Regular fit longsleeve sweater crafted from merino wool.,2021-05-20T11:12:13.000Z
68719492240,High Neck Cotton Sweater,Longsleeve high neck sweater made of cotton. ,2021-03-23T11:12:13.000Z
68719492251,Long Sleeve Cotton Pocketed T-Shirt,Longsleeve pocketed shirt made of cotton.,2021-03-14T11:12:13.000Z
68719492262,Yellow Lightweight Turtleneck,Longsleeve yellow pocketed turtleneck. ,2021-09-25T11:12:13.000Z
68719492268,Regular Fit V-Neck Sweater,Regular fit  blue longsleeve v-neck sweater. ,2021-05-22T11:12:13.000Z
68719492274,Leightweight Trim Fit V-Neck Sweater,Longsleeve v-neck sweater with a lighteight trim fit. ,2021-03-11T11:12:13.000Z
68719492280,Diamond Dual Color V-Neck Sweater,Longsleeve v-neck sweater complete with diamond designs and dual colors.,2021-09-19T11:12:13.000Z
68719492286,Diamond Patterened Crew Neck Sweater,Longsleeve grey crew-neck sweater with blue diamond pattern.,2021-03-19T11:12:13.000Z
68719492292,Merino Wool & Silk Tipped V-Neck Sweater,Longsleeve merino wool ad silk tipped v-neck sweater. ,2021-01-24T11:12:13.000Z
68719492298,Relaxed Fit V-Neck Sweater,Relaxed fit blue v-neck sweater made of cotton. ,2021-07-25T11:12:13.000Z
68719492304,Pin Stiped Long Sleeve Shirt,Longsleeve blue pinstriped shirt made of cotton.  ,2021-05-26T11:12:13.000Z
68719492310,Faded Denom Long Sleeve Shirt,Long sleeve button up shirt made of faded denim. ,2021-08-12T11:12:13.000Z
68719492316,Plaid Regular Fit Long Sleeve Button Up,Regular fit button up longsleeve shirt complete with a plaid pattern. ,2021-08-20T11:12:13.000Z
68719492322,Plaid Long Sleeve Shirt,Longsleeve button up shirt with a plaid pattern.,2021-03-15T11:12:13.000Z
68719492328,Plaid Merino Wool Button Up Shirt,Plaid button up shirt made of merino wool. ,2021-08-10T11:12:13.000Z
68719492334,Regular Fit Button Up Checkered Shirt,Regular fit button up checkered shirt made of cotton. ,2021-02-11T11:12:13.000Z
68719492340,Short Sleeve Double Pocket Button Up Shirt,Shortsleeve black button up shirt with double pockets. ,2021-03-23T11:12:13.000Z
68719492346,Navy Regular Fit Polo,Regular fit navy shortsleeve polo shirt. ,2021-08-12T11:12:13.000Z
68719492352,Cotton Regular Fit Polo,Regular fit blue shortsleeve polo shirt made of cotton. ,2021-07-24T11:12:13.000Z
68719492358,Short Sleeve V-Neck T-Shirt,Casual black shortsleeve v-neck t-shirt made of cotton.  ,2021-03-24T11:12:13.000Z
68719492364,Regular Fit Crewneck T-Shirt,Casual regular fit green crewneck t-shirt made of cotton. ,2021-03-16T11:12:13.000Z
68719492370,Heavy Weight Crewneck T-Shirt,Casual Heavy weight vibrant red/orange crewneck t-shirt made of linen. ,2021-02-22T11:12:13.000Z
68719492376,Light Weight Crewneck T-Shirt,Casual lightweight yellow crewneck t-shirt made of cotton.,2021-04-25T11:12:13.000Z
68719492382,Cotton Crewneck T-Shirt,Casual white crewneck t-shirt made of cotton.,2021-07-25T11:12:13.000Z
68719492388,Grey Crewneck T-Shirt,Casual grey crewneck t-shirt made of cotton.,2021-07-21T11:12:13.000Z
68719492394,Blue Regular Fit Crewneck T-Shirt,Casual blue regular fit crewneck t-shirt made of cotton.,2021-03-13T11:12:13.000Z
68719492871,Grey Tweed Overcoat,"Grey overcoat complete with a tweed finish, creating a sophisticated look.",2021-04-20T11:12:13.000Z
68719492877,Men's Double Breasted Wool Blend Coat,Black men`s double breasted coat made of a heavy wool blend for maximum warmth. ,2021-01-26T11:12:13.000Z
68719492883,Long Grey Dress Coat,Long grey dress coat lined and made of wool.,2021-07-11T11:12:13.000Z
68719492889,Western Collar Jacket,Western style collar jacket made of leather and lined with wool.,2021-07-24T11:12:13.000Z
68719492895,Cruiser Jacket,Black leather cruiser jacket with zip pockets. ,2021-08-21T11:12:13.000Z
68719492901,Eighties Leather Jacket,Eighties-style retro red leather jacket with zip up.,2021-09-11T11:12:13.000Z
68719492907,Black Leather Motorcycle Jacket,Motorcycle style black leather jacket with pockets. ,2021-07-22T11:12:13.000Z
68719492913,Black Leather Quilted Jacket,Black quilted jacket made of leather for an edgy look. ,2021-06-19T11:12:13.000Z
68719492919,Leather Dress Coat,Black leather dress coat completed with a collar for a classy look. ,2021-03-11T11:12:13.000Z
68719492925,Brown Bomber Jacket,Brown bomber jacket made from authentic leather creating a vintage look.,2021-07-19T11:12:13.000Z
68719492931,Navy Print Jacket,Black and navy blue printed jacket made of wool.,2021-09-24T11:12:13.000Z
68719492937,Down Winter Jacket,Light blue lined down winter jacket. ,2021-08-15T11:12:13.000Z
68719492943,Performance Down Technical Jacket,"Vibrant orange performance down technical jacket, lined for maximum warmth.",2021-07-22T11:12:13.000Z
68719492949,Down Jacket with Fur Trim,A winter down jacket lined with wool and completed with a fur trim. ,2021-01-18T11:12:13.000Z
68719492955,All Weather Coat,All weather jacket crafted with a heavyweight blend to keep you warm.,2021-03-17T11:12:13.000Z
68719492961,Perfomance Camouflage Jacket,Camouflage performance jacket lined with wool.,2021-09-18T11:12:13.000Z
68719492967,Men's Insulated Rain Coat,Black raincoat with a waterproof shell and insulated with wool.,2021-06-17T11:12:13.000Z
68719492973,Black Down Vest,Black down vest perfect for casual wear. ,2021-09-11T11:12:13.000Z
68719492979,Quick-Dry Perfomance Jacket,Preformance jacket crafted with a quick-dry material for maximum efficiency. ,2021-02-17T11:12:13.000Z
68719492985,All Season Windbreaker,"Red windbreaker with zip pockets, great for all seasons. ",2021-04-19T11:12:13.000Z
68719492991,Blue Denim Jacket,"Classic blue denim with a vintage design, creating a timeless look.",2021-05-10T11:12:13.000Z
68719492997,Varsity Cardigan,Classic varsity design pared with an orange and grey cardigan make for a retro look.,2021-07-20T11:12:13.000Z
68719493003,Charcoal Trim Cardigan,A charcoal trimmed grey cardigan made of wool. ,2021-05-10T11:12:13.000Z
68719493009,Casual Drape Cardigan,A grey drape cardigan made of wool for a casual look. ,2021-09-25T11:12:13.000Z
68719493015,Denim Button-Down Shirt,A longsleeve button-down shirt made of denim for a casual look. ,2021-01-24T11:12:13.000Z
68719493034,Slim Fit Button-Down Shirt,A longsleeve slim fit black button-down shirt made of linen for a classy look. ,2021-08-18T11:12:13.000Z
68719493053,Relaxed Fit Button-Down Shirt,A longsleeve relaxed-fit button-down shirt made of light wash denim. ,2021-06-14T11:12:13.000Z
68719493072,Casual Fit Button-Down Shirt,A longsleeve casual fit button-down white shirt for a casual look. ,2021-01-14T11:12:13.000Z
68719493091,Easy-Fit Button-Down Shirt,A longsleeve casual fit button-down black shirt for an effortless look.,2021-02-23T11:12:13.000Z
68719493110,Wrinkle-free Button-Down Shirt,A longsleeve button-down light wash shirt with a wrinkle-free fabric.,2021-01-11T11:12:13.000Z
68719493129,Relaxed Fit Straight-leg Jeans,Dark grey straight leg jeans for a relaxed look. ,2021-09-12T11:12:13.000Z
68719493142,Slim Fit Jeans,Slim fit dark wash jeans for a classy look. ,2021-04-25T11:12:13.000Z
68719493155,Boot-Leg Vintage Wash Jeans,Vintage wash boot-leg jeans for a retro look. ,2021-08-23T11:12:13.000Z
68719493168,Dark Wash Straight Leg Jeans,Dark wash straight leg jeans for a relaxed look. ,2021-05-25T11:12:13.000Z
68719493181,Relaxed Fit Distressed Jeans,Blue denim jeans distressed for a relaxed look.  ,2021-01-13T11:12:13.000Z
68719493194,Relaxed Fit Acid Wash Jeans,Acid wash jeans with a relaxed fit for a chill look. ,2021-01-19T11:12:13.000Z
68719493207,Chambray Dark Washed Jeans,Dark wash jeans made of chambray for a classy look. ,2021-04-12T11:12:13.000Z
68719493220,Favorite-Fit Washed Jeans,"Our favorite fit blue washed jeans, created for comfort and style.  ",2021-03-16T11:12:13.000Z
68719493233,Leather  Pull-on Workboot,Functional pull-on workboot made of authentic leather. ,2021-01-21T11:12:13.000Z
68719493247,Leather Lace-up Workboot,Functional lace-up workboot made of authentic leather.,2021-08-24T11:12:13.000Z
68719493261,Rugged Leather Lace-up Workboot,Functional lace-up workboot made of authentic rugged leather. ,2021-05-25T11:12:13.000Z
68719493275,Tailored Patchwork Dress Shoes,Tan dress shoes complete with tailored patchwork for a sophisticated design. ,2021-01-24T11:12:13.000Z
68719493302,Men's Boat Shoes,Black and brown leather men`s boat shoes. ,2021-02-21T11:12:13.000Z
68719493316,Suede Dress Shoes,Classic dress shoes paired with suede to create a classy look.,2021-04-11T11:12:13.000Z
68719493343,Classic Leather Dress Shoes,Classic dress shoes made of authentic leather. ,2021-08-22T11:12:13.000Z
68719493370,Leather Tie Dress Shoe,Brown tie dress shoe made of authentic leather.,2021-08-22T11:12:13.000Z
68719493397,Genuine Leather Tuxedo Shoe,Black tuxedo shoe crafted with genuine leather. ,2021-09-18T11:12:13.000Z
68719493424,Black Leather Oxfords,Classic oxfords made with authentic black leather. ,2021-01-26T11:12:13.000Z
68719493451,Square Toe Leather Oxfords,Square toe grey oxfords made with authentic leather. ,2021-09-19T11:12:13.000Z
68719493478,High Top Leather Sneakers,High top sneakers with green leather edging and authentic dirty brown leather. ,2021-03-15T11:12:13.000Z
68719493492,Traditional Canvas Sneaker,Traditional sneaker made of blue canvas for a timelessly cool look.,2021-02-26T11:12:13.000Z
68719493506,Brown Suede Walking Shoe,"The classic walking shoe design paried with brown suede, creating a modern yet classy look. ",2021-06-25T11:12:13.000Z
68719493520,Whtie Leather Athletic Sneaker,"White athletic sneaker made of leasther, creating a modern look. ",2021-07-22T11:12:13.000Z
68719493534,Knit Upper Wrap Running Shoe,Knit upper wrap running shoe for a functional and stylish look. ,2021-04-15T11:12:13.000Z
68719493587,Stretchy Mesh Upper Sneaker,Stretchy mesh upper sneaker for a functional sneaker. ,2021-02-23T11:12:13.000Z
68719493601,High Cut Leather Sneaker,High cut sneaker made of authentic leather and completed with a blue design.,2021-04-10T11:12:13.000Z
68719493615,Camel Polka-dot Trench,"This timeless Camel Polka-dot trench coat features a quilted liner, a tie waist, and a water resistant exterior.",2021-04-12T11:12:13.000Z
68719493622,Double Breasted Plaid Pea Coat,Be ready for the weather and stylish at the same time with this double breasted plaid pea coat. ,2021-01-25T11:12:13.000Z
68719493629,Classic Trench,"This classic trench design features a wool liner, a classic tie wiast, and a water resistant shell. ",2021-03-25T11:12:13.000Z
68719493636,Blush Dress Trench Coat,"Combining a classic look with a classy design, this blush dress coat is perfect for an elegant look. ",2021-02-12T11:12:13.000Z
68719493643,Vintage Baby Doll Dress Coat,"Bringing back the classoc look, the vintage baby doll dress coat creates a luxurious look. ",2021-06-22T11:12:13.000Z
68719493650,Double Breasted Wool Coat,"This double breasted wool coat allows you to be one step ahead of the weather, crafted with a heavyweight bled for maximum warmth.",2021-06-11T11:12:13.000Z
68719493651,Pink Kimono Wrap Coat,"A traditional design meets a modern style, updating this pink kimono wrap coat.",2021-05-15T11:12:13.000Z
68719493658,Double Breasted Banded Collar Trench Coat,"Stay ahead of the weather with this double breasted, branded collar trench coat. ",2021-08-23T11:12:13.000Z
68719493665,Double Breasted Classic Trench,"In an addition to the classic trench, this trench coat is double breasted. ",2021-07-10T11:12:13.000Z
68719493672,Black Satin Lapel Sport Jacket,This lapel sports jacket is crafted from black satin for a functional and luxurious look.,2021-04-12T11:12:13.000Z
68719493679,Cropped Waist Sport Coat,This grey sports coat is complete with a cropped waist for a casual look.,2021-04-25T11:12:13.000Z
68719493686,Triple Button Peplum Jacket,This grey triple button peplum jacket is lined and has a flare at the bottom for a stylish look. ,2021-07-14T11:12:13.000Z
68719493693,Single Button Velvet Jacket,This black single button jacket is crafted from leather for a classy look.,2021-07-26T11:12:13.000Z
68719493700,White Wool Slouch Collar Pea Coat,This white slouch collar pea coat is crafted with wool for maximum comfort. ,2021-01-15T11:12:13.000Z
68719493707,One-shoulder Snakeskin Print Evening Gown,This asymmetric one-shoulder snakeskin print evening gown is perfect for an edgy look. ,2021-07-25T11:12:13.000Z
68719494371,Ombre Maxi Dress,This ombre black-to-blue maxi dress is perfect for an evening out. ,2021-05-10T11:12:13.000Z
68719494379,A-line Grandient Gown,This a-line gradient black-to-red gown is perfect for any special occasion.,2021-02-17T11:12:13.000Z
68719494387,Aqua Cross-Peplum Mermaid Gown,This aqua cross-peplum mermaid gown captures the elegancy of the sea- in a dress.,2021-09-18T11:12:13.000Z
68719494395,Boho Wrap Dress,This boho wrap dress creates an effortlessly gorgeous look.,2021-09-22T11:12:13.000Z
68719494396,Vintage Polka-dot Party  Dress,This vintage polka-dot party dress brings back the spunk of the 50s.,2021-05-25T11:12:13.000Z
68719494411,Silk Belted Sheath,This silk belted sheath dress creates an illuminating look. ,2021-05-11T11:12:13.000Z
68719494419,Long Sleeve Fitted A-line Dress,This long sleeve fitted a-line dress creates a simple and classy look.,2021-05-24T11:12:13.000Z
68719494427,Houndstooth Fitted A-line Dress,This houndstooth fitted a-line dress createsa simple yet elegant look.,2021-04-20T11:12:13.000Z
68719494435,Ruffle Sleeve Print Dress,This ruffle sleeve print dress creates a spunky look with a classy style.,2021-04-17T11:12:13.000Z
68719494443,Sweetheart Neckline Cocktail Dress,This sweetheart neckline cocktail dress is perfect for a night out. ,2021-01-17T11:12:13.000Z
68719494451,Ruched Chiffon Shirt Dress,This ruched red chiffon shirt dress created an effortless look.,2021-07-25T11:12:13.000Z
68719494459,A-Line Embroidered Shift Dress,This a-line embroidered shift dress gives an elegant look to anyone wearing it.,2021-04-21T11:12:13.000Z
68719494467,Silk Sleeveless Ombre Dress,This silk sleevless ombre red-to-black dress is perfect for an evening out. ,2021-09-13T11:12:13.000Z
68719494475,Sleeveless Gradient Evening Dress,This sleeveless gradient evening dress is perfect for any nice occasion. ,2021-01-15T11:12:13.000Z
68719494483,Satin Strapless Cocktail Dress,This satin strapless cocktail dress is perfect for a night out.,2021-06-12T11:12:13.000Z
68719494491,Strapless Full Skirt Cocktail Dress,This strapless vibrant orange full skirt cocktail dress is perfect for an evening out. ,2021-09-22T11:12:13.000Z
68719494499,Polk-dot Plunging V-neck Gradient Dress,This polka-dot plunging v-neck gradient dress is perfect for any nice occasion. ,2021-05-19T11:12:13.000Z
68719494507,Little Black V-neck Dress,This classic black v-neck dress is a must-have as it creates an effortlessly gorgeous look.,2021-01-18T11:12:13.000Z
68719494515,Strapless Gathered Waist Dress,This strapless gathered waist dress is perfect for an elegant look. ,2021-09-14T11:12:13.000Z
68719494523,Strapless Black Evening Dress,This strapless black evening dress is perfect for any night out. ,2021-02-26T11:12:13.000Z
68719494531,Sleeveless Belted Gradient Dress,This sleeveless belted gradient dress is perfect for an elegant look.,2021-05-11T11:12:13.000Z
68719494539,Sleeveless Swing Dress,Thid sleeveless swing dress is perfect for a gorgeous look. ,2021-05-21T11:12:13.000Z
68719494547,Pleated Gradient Skirt,This pleated gradient skirt is perfect for any nice occasion.,2021-04-25T11:12:13.000Z
68719494555,Arrow Print Skirt,This arrow print skirt brings fun and fancy together.,2021-08-19T11:12:13.000Z
68719494571,Ombre Fringe Skirt,This ombre red-to-white fringe skirt is both elegant and fun.,2021-05-23T11:12:13.000Z
68719494579,Ombre Swing Skirt,This ombre blue-to-white swing skirt is perfect for a day out.,2021-09-21T11:12:13.000Z
68719494587,Floral Bordered Skirt,This floral bordered skirt is perfect for a classy look.,2021-03-21T11:12:13.000Z
68719494595,Printed Wrap Skirt,This printed wrap skirt can be easily dressed up or down. ,2021-05-14T11:12:13.000Z
68719494603,Ombre Ruffled Skirt,This ombre orange ruffled skirt is perefect for flowy look.,2021-09-13T11:12:13.000Z
68719494611,Gradient Flared Skirt,This gradient flared skirt can easily be dressed up or down. ,2021-05-18T11:12:13.000Z
68719494619,Flared Pocket Skirt,This flared pocket skirt is perfect for an elegant look.,2021-04-23T11:12:13.000Z
68719494627,Denim Mini Skirt,This denim mini skirt is both functional and stylish. ,2021-02-20T11:12:13.000Z
68719494643,V-Neck Sweater,This white v-neck cotton sweater is perfect for layering in the winter. ,2021-08-19T11:12:13.000Z
68719494650,Cable-knit Turtleneck Sweater,This pink cable-knit turtleneck sweater is perfect for keeping warm in the cold.,2021-04-15T11:12:13.000Z
68719494657,Short Sleeved High Waist Cardigan,This short sleeved high waist cardigan is perfect for layers over cloths for a stylish winter.,2021-05-10T11:12:13.000Z
68719494664,Short Sleeve Wrap Cardigan,This green short sleeved wrap cardigan is made of wool for a soft and warm way to layer up.,2021-09-21T11:12:13.000Z
68719494671,Oversize Cable-knit Turtleneck Sweater,This purple oversized cable-knit turtleneck sweater beats the weather with its heavyweight wool blend.,2021-03-19T11:12:13.000Z
68719494678,Mixed Pattern Sweater,This yellow mixed pattern sweater is perfect for staying stylish and warm in the cold.,2021-06-15T11:12:13.000Z
68719494685,Button-accent Cable-knit Sweater,This blush button-accent cable-knit sweater is perfect on its own and for layering. ,2021-03-11T11:12:13.000Z
68719494692,Grey Cardigan,This grey cardigan is made of a cotton and wool blend for maximum comfort. ,2021-09-14T11:12:13.000Z
68719494699,Button-accent Striped Sweater,This button-accent striped sweater is perfect to color up your day. ,2021-07-15T11:12:13.000Z
68719494706,Striped Turtleneck Sweater,"This cream and black striped turtleneck sweater is crafted with a lightweight blend, perfect for layering or on its own. ",2021-06-10T11:12:13.000Z
68719494713,Sailor Striped Cardigan,This sailor striped cardigan is perfect for layering and styling during the cold.,2021-04-25T11:12:13.000Z
68719494720,Knit Striped Turtleneck Sweater,"This knit striped turtleneck sweater is crafted with a lightweight cotton blend, perfect for layering.",2021-09-19T11:12:13.000Z
68719494733,Spring Print Blouse,This green spring print blouse is perfect for styling in the spring for an effortless look. ,2021-01-11T11:12:13.000Z
68719494740,Short Sleeve Swing Blouse,This pink short sleeved swing blouse is perfect for styling in all seasons while giving an effortlessly elegant look.,2021-05-13T11:12:13.000Z
68719494747,Wool Shawl," This blush wool shawl is perfect for bundling up in the cold, as well as styling in the cold.",2021-02-21T11:12:13.000Z
68719494754,Ruffled Ombre Tank,"This ruffled ombre tank is perfect for every season, as it can be layered or worn on its own. ",2021-06-24T11:12:13.000Z
68719494761,Crop Boyfriend Jeans,"Made from red denim, these cropped boyfriend jeans are designed with room to move, while staying fit to your body.",2021-08-21T11:12:13.000Z
68719494769,Crop Straight-leg Jeans,These cropped straight-leg jeans are excellent for both comfort and for style.,2021-04-10T11:12:13.000Z
68719494777,Distressed Skinny Jeans,These blue denim skinny jeans are distressed for a relaxed and layed-back style.,2021-08-17T11:12:13.000Z
68719494785,Relaxed Fit Boyfriend Jeans,"These boyfriend jeans are made with a relaxed fit for maximum comfort, while keeping in style.",2021-02-12T11:12:13.000Z
68719494793,Distressed Flare Jeans,These light blue denim flare jeans are distressed for a retro relaxed look. ,2021-07-24T11:12:13.000Z
68719494801,Ripped Crop Jeans,"These ripped cropped jeans are perfect for a day out, or any casual wear. ",2021-06-18T11:12:13.000Z
68719494809,"""Distressed 3"""" Shorts""","These distressed shorts are complete with a 3"" inseam and a folded hem.",2021-09-23T11:12:13.000Z
68719494817,Ripped Short Shorts,These ripped short shorts are complete with a light washed denim and a rugged seam. ,2021-04-25T11:12:13.000Z
68719494825,High Waisted Vintage Shorts,These high waisted vintage shorts are perfect for pairing with your favorite tube top for the summer.,2021-09-10T11:12:13.000Z
68719494833,Belted Dress Boots,"These belted dress boots are crafted with a waterproof shell, as well as a 1.5 inch heel.",2021-09-21T11:12:13.000Z
68719494856,Platform Stilleto Booties,Platform stilletos are paired with black leather booties to create the perfect shoe for a night out.,2021-05-15T11:12:13.000Z
68719494879,Platform Suede Stilleto Booties,Platform stilletos are met with booties and suede to create the ultimate timeless look.,2021-07-26T11:12:13.000Z
68719494902,Platform Stilleto Low-top Booties,These platform stilleto low-top booties are crafted with a waterproof blend for a shoe that can be worn in all seasons. ,2021-03-18T11:12:13.000Z
68719494925,Blue Suede Pumps,A classic pump meets a happy blue suede for a fun look.,2021-02-18T11:12:13.000Z
68719494948,Platform Cheetah Pumps,The classic platform pump design matched with the cheetah print design adds spunk to any look. ,2021-08-13T11:12:13.000Z
68719494971,Platform Brocade Pumps,These platform brocade pumps create a leg-lengthening lift and a classy look. ,2021-07-26T11:12:13.000Z
68719494994,Platform Leather Pumps,These black platform leather pumps are perfect a night out.,2021-01-19T11:12:13.000Z
68719495017,Platform Patent Pumps,These red platform patent pumps can add life to any outfit.,2021-09-19T11:12:13.000Z
68719495040,Open-toe Suede Pumps,These blue open-toed suede pumps are perfect for both night and day.,2021-02-11T11:12:13.000Z
68719495063,Open-toe Polka-dot Pumps,These open-toed polka-dot pumps are complete with an embelishment at the end for a classy edge.,2021-01-13T11:12:13.000Z
68719495086,Platform Open-toe Velvet Pumps,These tan platform open-toe velvet pumps are perfect for pairing with any cocktail dress. ,2021-04-24T11:12:13.000Z
68719495109,Multi-colored Open-toe Pumps,These multi-colored open-toe pumps are perfect for adding a sense of quirkiness to any outfit.,2021-08-17T11:12:13.000Z
68719495132,Pointed-toe Pumps,These red pointed-toe pumps are perfect for pairing with your favorite cocktail dress. ,2021-02-16T11:12:13.000Z
68719495155,Pointed-toe Patent Pumps,These magenta pointed-toe patent pumps are perfect for both day and night.,2021-08-21T11:12:13.000Z
68719495178,Night on the Town Pumps,"These night in the town pumps create a timelessly classy look, perfect for an evening out.",2021-05-22T11:12:13.000Z
68719495201,Open-toe Snakeskin Pumps,These open-toed snakeskin pumps are perfect for adding an edge to any outfit.,2021-07-22T11:12:13.000Z
68719495224,Open-toe Snakeskin Strap Pumps,These open-toe snakeskin strap pumps create an edgy and nonchalant style. ,2021-05-14T11:12:13.000Z
68719495247,Multi-colored Platform Sandal Pumps,These multi-colored platform sandal pumps can add spunk and an edge to any outfit.,2021-06-12T11:12:13.000Z
68719495270,Strappy Platform Pumps,These strappy platform pumps can be paired with your favorite sun dress for an elegant look. ,2021-09-15T11:12:13.000Z
68719495293,Lattice Platform Pumps,"These lattice platform pumps go perfect with nearly every outfit, and can be worn for both a day and a night out.",2021-02-20T11:12:13.000Z
68719495316,Pointed-toe Strap Pumps,"These red pointed-toe strap shoes bring back the class, providing a sophisticated look.",2021-06-22T11:12:13.000Z
68719495339,Belted-toe Floral Platform Pumps,These belted-toe floral platform pumps are perfect for adding a sense of elegancy to any look.,2021-09-18T11:12:13.000Z
68719495362,Low-profile Stained-glass Pumps,These low-profile stained-glass pumps create an elegant non-chalant look.,2021-02-22T11:12:13.000Z
68719495385,Sandal Flat,"This sandal flat is created with a maximum comfort fit, as well as a customizable strap. ",2021-01-11T11:12:13.000Z
68719495871,Twill Banded Fedora Hat,A fabric band outlining a fedora made of twill. ,2021-09-15T11:12:13.000Z
68719495883,Herringbone Fedora,A grey band circling a fedora complete with a herringbone pattern. ,2021-07-21T11:12:13.000Z
68719495895,Navy Felt Safari Fedora,A navy safari-style fedora made of felt. ,2021-09-18T11:12:13.000Z
68719495907,Black Wool Felt Safari Fedora,A ribbon band outlining a fedora made of black felted wool. ,2021-01-17T11:12:13.000Z
68719495919,Grey Classic Fedora,A classic fedora with a black ribbon and a grey body. ,2021-05-10T11:12:13.000Z
68719495931,Tan Straw Fedora,"A boho take on a classic fedora, made of straw complete with a brown band. ",2021-03-10T11:12:13.000Z
68719495943,Floral Band Raffia Straw Sun Hat,"A classic straw sun hat, complete with a floral band. ",2021-03-12T11:12:13.000Z
68719495944,Low Profile Baseball Cap,"A classic baseball cap made of a lightweight blend, creating a nonchalant look.",2021-09-16T11:12:13.000Z
68719495947,Plaid Straight Brim Skate Hat,"A skate-style cap with a straight brim, complete with a plaid design.",2021-08-17T11:12:13.000Z
68719495948,Red Low Profile Baseball Cap,"A classic nonchalant baseball cap, made of a red blend. ",2021-03-20T11:12:13.000Z
68719495949,Grey Twill Ball Cap,A classic baseball cap made of a grey twill blend. ,2021-04-26T11:12:13.000Z
68719495950,Navy Low Profile Baseball Cap,"A classic navy baseball cap made of a lightweight blend, creating a nonchalant look.",2021-01-23T11:12:13.000Z
68719495951,Tan Low Profile Baseball Cap,A classic baseball cap made of a quality tan fabric. ,2021-09-16T11:12:13.000Z
68719495952,Black Twill Dressy Baseball Cap,A baseball cap made of black twill for a more elegant look.  ,2021-01-25T11:12:13.000Z
68719495953,Black Striped Tie,Narrow stripes stretch across a tie made from Italian silk.,2021-01-14T11:12:13.000Z
68719495954,Red Striped Tie,Narrow red stripes stretch across a sophisticated tie.,2021-06-10T11:12:13.000Z
68719495955,Navy Blue Tie,A solid navy blue tie crafted from wool.,2021-07-24T11:12:13.000Z
68719495956,Periwinkle Tie,A solid periwinkle blue tie crafted from satin.,2021-05-17T11:12:13.000Z
68719495957,Geometric Print Tie,A geometric-style red and orange tie crafted from wool.,2021-06-24T11:12:13.000Z
68719495958,Red and Black Tie,An Italian satin red and black tie. ,2021-05-15T11:12:13.000Z
68719495959,Black Skinny Tie,A thin black wool tie. ,2021-08-11T11:12:13.000Z
68719496621,Men's Relaxed Fit Canvas Pants,Relaxed fit men`s canvas pants that can be dressed up or down.,2021-06-13T11:12:13.000Z
68719496634,Heavy Cotton Blend Sport Sweatpants,Sport sweatpants made of a heavy cotton blend for maximum comfort. ,2021-02-14T11:12:13.000Z
68719496647,Grey Twill Dress Pants,Dress pants made of grey twill for a classy and sophisticated look. ,2021-09-20T11:12:13.000Z
68719496660,Black Mens Suit Coat,Men`s black suit coat made of wool for a formal night out.,2021-02-17T11:12:13.000Z
68719497371,Wool Blend Sports Blazer,Sports blazer made of a quality wool blend.,2021-04-15T11:12:13.000Z
68719497390,Grey Double Breasted Dress Blazer,Grey double breasted dress blazer made of linen for a look that can be dressed up or down.,2021-01-12T11:12:13.000Z
68719497409,Men's Checkered Loosefit Blazer,Men`s checkered loosefit blazer for a casual yet sophisticated look.,2021-05-14T11:12:13.000Z
68719497428,Heavy Wool Navy Blazer,Navy blazer crafted with a heavy wool blend for a classy look. ,2021-07-10T11:12:13.000Z
68719497447,Elbow Patch Sports Coat,Tan sports coat with navy elbow patches for a classy vintage look.,2021-02-14T11:12:13.000Z
68719497466,Men's Grey Sports Jacket,"Men`s grey sports jacket, lined for maximum comfort. ",2021-08-11T11:12:13.000Z
68719497485,Men's Denim Sports Jacket,"Men`s sports jacket, crafted from blue denim. ",2021-08-14T11:12:13.000Z
68719497504,Men's Black Suite Jacket,"Men`s black suit jacket, crafted from wool for a classy look.",2021-02-20T11:12:13.000Z
68719497523,Men's Grey Twill Dress Jacket,"Men`s dress jacket, crafted from grey twill for a sophisticated look. ",2021-06-22T11:12:13.000Z
68719497542,Black Blazer With Zippered Breast Pocket,Black blazer complete with a zippered breast pocket. ,2021-01-21T11:12:13.000Z
68719497561,Single Breasted One Button Men's Suite Jacket,Men`s single breasted and one buttoned suite jacket.,2021-04-22T11:12:13.000Z
68719498121,Grand Cap Toe Leather Oxfords,Carefully selected leather expertly crafted in Italy with full dedication to accomplish the design of these Grand Cap Toe shoes.,2021-05-21T11:12:13.000Z
